Name,AthleteUrl,Gender,Height,Active,Participations,Age,Country
Liam HEALY,https://ifsc.results.info/#/athlete/2535,Men,-,2017,8,26,AUS
Dylan PARKS,https://ifsc.results.info/#/athlete/13853,Men,-,2022,13,18,AUS
Stefan SCHERZ,https://ifsc.results.info/#/athlete/1274,Men,179,2015,66,22,AUT
Jan-luca POSCH,https://ifsc.results.info/#/athlete/1245,Men,184,2012,83,26,AUT
Nicolai UZNIK,https://ifsc.results.info/#/athlete/1256,Men,173,2014,88,23,AUT
Jakob SCHUBERT,https://ifsc.results.info/#/athlete/1214,Men,176,2004,233,33,AUT
Nicolas COLLIN,https://ifsc.results.info/#/athlete/320,Men,179,2012,137,25,BEL
Simon LORENZI,https://ifsc.results.info/#/athlete/318,Men,168,2011,104,26,BEL
Hannes VAN DUYSEN,https://ifsc.results.info/#/athlete/373,Men,175,2018,53,19,BEL
Rodrigo IASI HANADA,https://ifsc.results.info/#/athlete/12903,Men,-,2021,20,21,BRA
Felipe HO FOGANHOLO,https://ifsc.results.info/#/athlete/3141,Men,-,2015,64,24,BRA
Slav KIROV,https://ifsc.results.info/#/athlete/11500,Men,-,2019,70,18,BUL
Nikolay RUSEV,https://ifsc.results.info/#/athlete/12329,Men,172,2020,48,17,BUL
Guy MCNAMEE,https://ifsc.results.info/#/athlete/1646,Men,177,2017,31,21,CAN
Oscar BAUDRAND,https://ifsc.results.info/#/athlete/11847,Men,170,2019,36,18,CAN
Victor BAUDRAND,https://ifsc.results.info/#/athlete/1644,Men,175,2017,35,21,CAN
Christian WAGNER,https://ifsc.results.info/#/athlete/11837,Men,-,2019,27,21,CHI
Jinbin HUANG,https://ifsc.results.info/#/athlete/13594,Men,-,2022,15,18,CHN
Yufei PAN,https://ifsc.results.info/#/athlete/2947,Men,173,2014,112,23,CHN
Anton Young Hong NIELSEN,https://ifsc.results.info/#/athlete/3861,Men,-,2014,15,23,DEN
Theis Lindegren ELFENBEIN,https://ifsc.results.info/#/athlete/3854,Men,-,2011,27,26,DEN
Alberto GINÉS LÓPEZ,https://ifsc.results.info/#/athlete/811,Men,178,2016,109,21,ESP
Axel LINDFORS,https://ifsc.results.info/#/athlete/12459,Men,-,2021,14,32,FIN
Leo AVEZOU,https://ifsc.results.info/#/athlete/505,Men,-,2013,56,24,FRA
Paul JENFT,https://ifsc.results.info/#/athlete/547,Men,198,2017,58,20,FRA
Manuel CORNU,https://ifsc.results.info/#/athlete/490,Men,177,2012,73,30,FRA
Mickael MAWEM,https://ifsc.results.info/#/athlete/523,Men,179,2014,88,33,FRA
Mejdi SCHALCK,https://ifsc.results.info/#/athlete/11675,Men,172,2019,42,19,FRA
Sam AVEZOU,https://ifsc.results.info/#/athlete/532,Men,170,2015,83,22,FRA
Mathieu TERNANT,https://ifsc.results.info/#/athlete/11535,Men,178,2019,16,28,FRA
Toby ROBERTS,https://ifsc.results.info/#/athlete/11490,Men,177,2019,41,18,GBR
James POPE,https://ifsc.results.info/#/athlete/649,Men,167,2012,85,25,GBR
Hamish MCARTHUR,https://ifsc.results.info/#/athlete/696,Men,181,2016,61,21,GBR
Maximillian MILNE,https://ifsc.results.info/#/athlete/688,Men,166,2015,52,23,GBR
Dayan AKHTAR,https://ifsc.results.info/#/athlete/12239,Men,-,2021,12,20,GBR
Christoph SCHWEIGER,https://ifsc.results.info/#/athlete/4252,Men,187,2015,36,22,GER
Elias ARRIAGADA KRÜGER,https://ifsc.results.info/#/athlete/11525,Men,169,2019,18,23,GER
Max KLEESATTEL,https://ifsc.results.info/#/athlete/3127,Men,173,2017,31,25,GER
Jan HOJER,https://ifsc.results.info/#/athlete/3422,Men,188,2006,168,31,GER
Yannick FLOHÉ,https://ifsc.results.info/#/athlete/3131,Men,178,2014,113,24,GER
Ka-chun YAU,https://ifsc.results.info/#/athlete/2214,Men,172,2008,85,31,HKG
Cheung-chi Shoji CHAN,https://ifsc.results.info/#/athlete/2218,Men,172,2013,101,28,HKG
Chingkheinganba MAIBAM,https://ifsc.results.info/#/athlete/2649,Men,-,2016,33,21,IND
Lokesh RAJAN,https://ifsc.results.info/#/athlete/2632,Men,-,2015,4,25,IND
Hossein FAMILROHANI,https://ifsc.results.info/#/athlete/3511,Men,173,2016,18,31,IRI
Iman AREZEH,https://ifsc.results.info/#/athlete/12981,Men,177,2021,2,21,IRI
Mark SCANLON,https://ifsc.results.info/#/athlete/2601,Men,171,2022,7,24,IRL
Ciarán SCANLON,https://ifsc.results.info/#/athlete/2591,Men,174,2013,17,28,IRL
Geva LEVIN,https://ifsc.results.info/#/athlete/4019,Men,-,2017,53,20,ISR
Alex KHAZANOV,https://ifsc.results.info/#/athlete/3983,Men,-,2009,101,28,ISR
Nimrod MARCUS,https://ifsc.results.info/#/athlete/3998,Men,166,2014,95,24,ISR
Ram LEVIN,https://ifsc.results.info/#/athlete/3991,Men,171,2012,65,25,ISR
Filip SCHENK,https://ifsc.results.info/#/athlete/912,Men,170,2014,93,23,ITA
Michael PICCOLRUAZ,https://ifsc.results.info/#/athlete/857,Men,178,2009,136,28,ITA
Yoshiyuki OGATA,https://ifsc.results.info/#/athlete/2309,Men,172,2014,136,25,JPN
Meichi NARASAKI,https://ifsc.results.info/#/athlete/2307,Men,188,2013,77,24,JPN
Ritsu KAYOTANI,https://ifsc.results.info/#/athlete/13987,Men,163,2022,10,17,JPN
Tomoaki TAKATA,https://ifsc.results.info/#/athlete/2291,Men,175,2012,64,28,JPN
Rei SUGIMOTO,https://ifsc.results.info/#/athlete/2257,Men,172,2005,82,32,JPN
Katsura KONISHI,https://ifsc.results.info/#/athlete/2335,Men,-,2015,18,22,JPN
Junta SEKIGUCHI,https://ifsc.results.info/#/athlete/11846,Men,168,2019,14,19,JPN
Yuji INOUE,https://ifsc.results.info/#/athlete/2348,Men,-,2016,40,28,JPN
Tomoa NARASAKI,https://ifsc.results.info/#/athlete/2276,Men,170,2011,114,27,JPN
Kokoro FUJII,https://ifsc.results.info/#/athlete/2272,Men,176,2010,141,31,JPN
Daiki SANO,https://ifsc.results.info/#/athlete/14314,Men,172,2023,6,20,JPN
Sorato ANRAKU,https://ifsc.results.info/#/athlete/13040,Men,168,2021,20,17,JPN
Sungsu LEE,https://ifsc.results.info/#/athlete/13147,Men,170,2015,18,24,KOR
Shinyeong YUN,https://ifsc.results.info/#/athlete/2061,Men,166,2014,13,28,KOR
Dohyun LEE,https://ifsc.results.info/#/athlete/2101,Men,174,2016,50,21,KOR
Jongwon CHON,https://ifsc.results.info/#/athlete/2052,Men,177,2012,109,27,KOR
Edvards GRUZITIS,https://ifsc.results.info/#/athlete/4168,Men,181,2018,53,20,LAT
Nathan MARTIN,https://ifsc.results.info/#/athlete/531,Men,-,2015,58,22,LUX
Wan Tong LOK,https://ifsc.results.info/#/athlete/4437,Men,-,2015,26,31,MAC
Thilo Jeldrik SCHRÖTER,https://ifsc.results.info/#/athlete/3061,Men,175,2010,45,28,NOR
Diego LEQUERICA BUSCAGLIA,https://ifsc.results.info/#/athlete/4397,Men,-,2014,24,28,PER
John Joseph VELORIA,https://ifsc.results.info/#/athlete/3834,Men,158,2018,11,31,PHI
Iman MORA,https://ifsc.results.info/#/athlete/3830,Men,171,2018,12,35,PHI
Jakub ZIETEK,https://ifsc.results.info/#/athlete/2894,Men,175,2017,54,21,POL
Chua DENNIS,https://ifsc.results.info/#/athlete/3644,Men,-,2014,25,32,SGP
Luke GOH WEN BIN,https://ifsc.results.info/#/athlete/3665,Men,-,2016,36,21,SGP
Zan LOVENJAK SUDAR,https://ifsc.results.info/#/athlete/1149,Men,179,2013,54,26,SLO
Luka POTOCAR,https://ifsc.results.info/#/athlete/1170,Men,177,2016,89,22,SLO
Jernej KRUDER,https://ifsc.results.info/#/athlete/1124,Men,179,2004,195,33,SLO
Anze PEHARC,https://ifsc.results.info/#/athlete/1138,Men,177,2011,106,26,SLO
Sascha LEHMANN,https://ifsc.results.info/#/athlete/4299,Men,164,2012,129,25,SUI
Nils FAVRE,https://ifsc.results.info/#/athlete/4306,Men,176,2016,35,32,SUI
Hannes PUMAN,https://ifsc.results.info/#/athlete/2667,Men,177,2011,136,26,SWE
Ardch INTRACHUPONGSE,https://ifsc.results.info/#/athlete/13627,Men,-,2022,17,19,THA
Ying-chieh WEN,https://ifsc.results.info/#/athlete/10868,Men,-,2012,12,28,TPE
Hugo HOYER,https://ifsc.results.info/#/athlete/13030,Men,181,2021,11,16,USA
Dillon COUNTRYMAN,https://ifsc.results.info/#/athlete/13029,Men,164,2021,19,17,USA
Colin DUFFY,https://ifsc.results.info/#/athlete/1929,Men,170,2017,44,20,USA
Zach GALLA,https://ifsc.results.info/#/athlete/1926,Men,168,2017,42,23,USA
Sean BAILEY,https://ifsc.results.info/#/athlete/1741,Men,163,2011,90,27,USA
Jesse GRUPPER,https://ifsc.results.info/#/athlete/1749,Men,180,2012,39,27,USA
Emily SCOTT,https://ifsc.results.info/#/athlete/13510,Women,-,2022,10,17,AUS
Maya STASIUK,https://ifsc.results.info/#/athlete/13857,Women,-,2022,10,16,AUS
Oceania MACKENZIE,https://ifsc.results.info/#/athlete/2501,Women,173,2016,60,21,AUS
Jessica PILZ,https://ifsc.results.info/#/athlete/1226,Women,165,2010,163,27,AUT
Johanna FÄRBER,https://ifsc.results.info/#/athlete/1243,Women,171,2012,77,25,AUT
Franziska STERRER,https://ifsc.results.info/#/athlete/1240,Women,169,2012,101,25,AUT
Chloe CAULIER,https://ifsc.results.info/#/athlete/316,Women,166,2010,142,27,BEL
Anja KÖHLER,https://ifsc.results.info/#/athlete/3204,Women,-,2018,59,20,BRA
Bianca DE MAGALHAES DE CASTRO,https://ifsc.results.info/#/athlete/11614,Women,164,2019,29,35,BRA
Aleksandra TOTKOVA,https://ifsc.results.info/#/athlete/11464,Women,162,2019,63,18,BUL
Madison FISCHER,https://ifsc.results.info/#/athlete/1629,Women,-,2016,22,22,CAN
Indiana CHAPMAN,https://ifsc.results.info/#/athlete/1650,Women,158,2017,31,20,CAN
Alannah YIP,https://ifsc.results.info/#/athlete/1565,Women,164,2007,106,30,CAN
Babette ROY,https://ifsc.results.info/#/athlete/1649,Women,-,2017,32,21,CAN
Yuetong ZHANG,https://ifsc.results.info/#/athlete/3009,Women,160,2018,49,20,CHN
Hongchun XIANG,https://ifsc.results.info/#/athlete/7164,Women,-,2018,18,25,CHN
Zhilu LUO,https://ifsc.results.info/#/athlete/13596,Women,160,2022,25,18,CHN
Michaela SMETANOVA,https://ifsc.results.info/#/athlete/1438,Women,165,2017,77,20,CZE
Eliska ADAMOVSKA,https://ifsc.results.info/#/athlete/1400,Women,162,2015,80,22,CZE
Laura LOIKAS,https://ifsc.results.info/#/athlete/2811,Women,-,2017,19,21,FIN
Zélia AVEZOU,https://ifsc.results.info/#/athlete/620,Women,158,2018,33,19,FRA
Oriane BERTONE,https://ifsc.results.info/#/athlete/11462,Women,164,2019,38,18,FRA
Selma ELHADJ MIMOUNE,https://ifsc.results.info/#/athlete/12451,Women,166,2021,22,19,FRA
Agathe CALLIET,https://ifsc.results.info/#/athlete/11653,Women,158,2019,22,20,FRA
Fanny GIBERT,https://ifsc.results.info/#/athlete/469,Women,165,2010,113,30,FRA
Jennifer WOOD,https://ifsc.results.info/#/athlete/653,Women,-,2012,65,29,GBR
Zoe PEETERMANS,https://ifsc.results.info/#/athlete/739,Women,-,2018,18,22,GBR
Erin MCNEICE,https://ifsc.results.info/#/athlete/11468,Women,160,2019,33,19,GBR
Anna LECHNER,https://ifsc.results.info/#/athlete/2021,Women,171,2018,12,20,GER
Lucia DÖRFFEL,https://ifsc.results.info/#/athlete/4330,Women,165,2015,68,23,GER
Roxana WIENAND,https://ifsc.results.info/#/athlete/4320,Women,162,2017,46,23,GER
Hannah MEUL,https://ifsc.results.info/#/athlete/3113,Women,167,2015,87,22,GER
Prateeksha ARUN,https://ifsc.results.info/#/athlete/2651,Women,-,2017,13,25,IND
Noa SHIRAN,https://ifsc.results.info/#/athlete/4002,Women,170,2015,70,22,ISR
Ayala KEREM,https://ifsc.results.info/#/athlete/4017,Women,163,2017,40,22,ISR
Yael TAUB,https://ifsc.results.info/#/athlete/3986,Women,-,2011,36,27,ISR
Giorgia TESIO,https://ifsc.results.info/#/athlete/914,Women,165,2014,77,23,ITA
Camilla MORONI,https://ifsc.results.info/#/athlete/947,Women,157,2015,62,22,ITA
Laura ROGORA,https://ifsc.results.info/#/athlete/928,Women,152,2015,119,22,ITA
Ai MORI,https://ifsc.results.info/#/athlete/2380,Women,154,2017,42,20,JPN
Mia AOYAGI,https://ifsc.results.info/#/athlete/13321,Women,-,2022,17,20,JPN
Anon MATSUFUJI,https://ifsc.results.info/#/athlete/12297,Women,160,2022,15,20,JPN
Ryu NAKAGAWA,https://ifsc.results.info/#/athlete/11783,Women,171,2019,38,19,JPN
Melody SEKIKAWA,https://ifsc.results.info/#/athlete/14008,Women,-,2022,9,16,JPN
Mashiro KUZUU,https://ifsc.results.info/#/athlete/13992,Women,-,2022,11,19,JPN
Serika OKAWACHI,https://ifsc.results.info/#/athlete/2349,Women,158,2016,11,25,JPN
Nonoha KUME,https://ifsc.results.info/#/athlete/13041,Women,161,2021,14,20,JPN
Futaba ITO,https://ifsc.results.info/#/athlete/2357,Women,162,2016,92,21,JPN
Miho NONAKA,https://ifsc.results.info/#/athlete/2294,Women,163,2013,114,26,JPN
Nanako KURA,https://ifsc.results.info/#/athlete/2343,Women,160,2016,48,23,JPN
Chaehyun SEO,https://ifsc.results.info/#/athlete/2080,Women,163,2017,58,20,KOR
Gayeong OH,https://ifsc.results.info/#/athlete/13556,Women,169,2022,16,17,KOR
Yejoo SEO,https://ifsc.results.info/#/athlete/13558,Women,160,2022,21,17,KOR
Sol SA,https://ifsc.results.info/#/athlete/2047,Women,-,2009,115,29,KOR
Regine STORÅ,https://ifsc.results.info/#/athlete/11479,Women,-,2019,20,22,NOR
Ingrid KINDLIHAGEN,https://ifsc.results.info/#/athlete/3086,Women,-,2016,58,21,NOR
Liana Nicole MORA,https://ifsc.results.info/#/athlete/3832,Women,-,2018,8,33,PHI
Bianka JANECKA,https://ifsc.results.info/#/athlete/2908,Women,-,2017,45,20,POL
Elizabeth SEPULVEDA,https://ifsc.results.info/#/athlete/12484,Women,-,2021,28,21,PUR
Sara COPAR,https://ifsc.results.info/#/athlete/11546,Women,168,2019,58,18,SLO
Katja DEBEVEC,https://ifsc.results.info/#/athlete/1130,Women,173,2009,109,28,SLO
Mia KRAMPL,https://ifsc.results.info/#/athlete/1161,Women,163,2015,106,23,SLO
Stasa GEJO,https://ifsc.results.info/#/athlete/3840,Women,175,2011,121,26,SRB
Liv EGLI,https://ifsc.results.info/#/athlete/3881,Women,164,2017,53,20,SUI
Andrea KÜMIN,https://ifsc.results.info/#/athlete/3254,Women,164,2011,111,26,SUI
Petra KLINGLER,https://ifsc.results.info/#/athlete/3246,Women,162,2006,151,31,SUI
Sofya YOKOYAMA,https://ifsc.results.info/#/athlete/4260,Women,-,2013,64,25,SUI
Ting-chen YAO,https://ifsc.results.info/#/athlete/2160,Women,-,2017,8,22,TPE
Hung Ying LEE,https://ifsc.results.info/#/athlete/2139,Women,170,2006,136,38,TPE
Ievgeniia KAZBEKOVA,https://ifsc.results.info/#/athlete/1486,Women,164,2010,118,27,UKR
Kylie CULLEN,https://ifsc.results.info/#/athlete/12537,Women,165,2021,34,19,USA
Brooke RABOUTOU,https://ifsc.results.info/#/athlete/1811,Women,158,2015,75,22,USA
Natalia GROSSMAN,https://ifsc.results.info/#/athlete/1803,Women,162,2015,58,22,USA
Anastasia SANDERS,https://ifsc.results.info/#/athlete/13021,Women,162,2021,18,16,USA
Kyra CONDIE,https://ifsc.results.info/#/athlete/1750,Women,162,2012,88,27,USA
Cloe COSCOY,https://ifsc.results.info/#/athlete/11813,Women,-,2019,30,22,USA
Lasse VON FREIER,https://ifsc.results.info/#/athlete/3778,Men,-,2017,27,21,GER
Cheuk-hei HO,https://ifsc.results.info/#/athlete/2219,Men,-,2013,33,25,HKG
Michael O'NEILL,https://ifsc.results.info/#/athlete/2597,Men,174,2017,28,23,IRL
Yunchan SONG,https://ifsc.results.info/#/athlete/14018,Men,168,2022,17,16,KOR
Hongil KIM,https://ifsc.results.info/#/athlete/2045,Men,-,2008,24,29,KOR
Hanwool KIM,https://ifsc.results.info/#/athlete/2041,Men,-,2009,77,28,KOR
Minyoung LEE,https://ifsc.results.info/#/athlete/2057,Men,-,2013,35,24,KOR
Minsung HAN,https://ifsc.results.info/#/athlete/13553,Men,-,2022,12,23,KOR
Christopher COSSER,https://ifsc.results.info/#/athlete/1058,Men,178,2014,38,23,RSA
Chia Hsiang LIN,https://ifsc.results.info/#/athlete/2146,Men,-,2015,39,25,TPE
Ross FULKERSON,https://ifsc.results.info/#/athlete/1871,Men,183,2016,35,22,USA
Valentin STERNIK,https://ifsc.results.info/#/athlete/3169,Men,-,2017,27,22,ARG
Lukas KNAPP,https://ifsc.results.info/#/athlete/1263,Men,-,2014,48,26,AUT
Tobias PLANGGER,https://ifsc.results.info/#/athlete/1278,Men,182,2015,66,23,AUT
Michael FINN-HENRY,https://ifsc.results.info/#/athlete/1843,Men,193,2016,23,24,CAN
Adrien LEVESQUE,https://ifsc.results.info/#/athlete/13932,Men,-,2022,3,18,CAN
Ethan PITCHER,https://ifsc.results.info/#/athlete/11893,Men,187,2019,15,22,CAN
Dylan LE,https://ifsc.results.info/#/athlete/11854,Men,-,2019,17,18,CAN
Jinbao LONG,https://ifsc.results.info/#/athlete/11460,Men,-,2019,19,23,CHN
Jianguo LONG,https://ifsc.results.info/#/athlete/11395,Men,-,2018,14,20,CHN
Xinshang WANG,https://ifsc.results.info/#/athlete/14416,Men,-,2023,9,18,CHN
Minhui WANG,https://ifsc.results.info/#/athlete/11938,Men,-,2019,11,20,CHN
Peng WU,https://ifsc.results.info/#/athlete/13598,Men,-,2022,11,21,CHN
Long CAO,https://ifsc.results.info/#/athlete/11414,Men,-,2018,20,23,CHN
Liang ZHANG,https://ifsc.results.info/#/athlete/11409,Men,-,2018,18,20,CHN
Jan KRIZ,https://ifsc.results.info/#/athlete/1372,Men,190,2010,90,27,CZE
Carlos Felipe GRANJA LOPEZ,https://ifsc.results.info/#/athlete/3211,Men,176,2013,84,25,ECU
Isaac ESTEVEZ,https://ifsc.results.info/#/athlete/3208,Men,-,2007,48,31,ECU
Erik NOYA CARDONA,https://ifsc.results.info/#/athlete/11701,Men,-,2019,31,29,ESP
Marius PAYET GABORIAUD,https://ifsc.results.info/#/athlete/11737,Men,-,2019,20,18,FRA
Yann LE CLERCQ DE LANNOY,https://ifsc.results.info/#/athlete/613,Men,-,2018,14,24,FRA
Guillaume MORO,https://ifsc.results.info/#/athlete/474,Men,171,2010,74,29,FRA
Bassa MAWEM,https://ifsc.results.info/#/athlete/7613,Men,183,1997,86,39,FRA
Rafe STOKES,https://ifsc.results.info/#/athlete/13805,Men,180,2022,14,18,GBR
Sebastian LUCKE,https://ifsc.results.info/#/athlete/11602,Men,180,2019,32,21,GER
Leander CARMANNS,https://ifsc.results.info/#/athlete/3115,Men,-,2019,42,19,GER
Cheuk-nam WONG,https://ifsc.results.info/#/athlete/2240,Men,-,2017,31,22,HKG
Veddriq LEONARDO,https://ifsc.results.info/#/athlete/3340,Men,162,2018,29,26,INA
Kiromal KATIBIN,https://ifsc.results.info/#/athlete/3324,Men,-,2017,25,23,INA
Zainal ARIPIN,https://ifsc.results.info/#/athlete/11175,Men,-,2014,18,31,INA
Rahmad ADI MULYONO,https://ifsc.results.info/#/athlete/11415,Men,-,2018,15,23,INA
Aspar ASPAR,https://ifsc.results.info/#/athlete/3278,Men,-,2012,60,31,INA
Alfian MUHAMMAD FAJRI,https://ifsc.results.info/#/athlete/3270,Men,-,2011,46,27,INA
Deepu MALLESH,https://ifsc.results.info/#/athlete/11702,Men,-,2019,7,26,IND
Milad ALIPOURSHENAZANDIFARD,https://ifsc.results.info/#/athlete/3551,Men,-,2016,10,24,IRI
Reza ALIPOUR SHENAZANDIFARD,https://ifsc.results.info/#/athlete/3471,Men,171,2011,63,29,IRI
Alessandro BOULOS,https://ifsc.results.info/#/athlete/6283,Men,-,2009,34,29,ITA
Ludovico FOSSALI,https://ifsc.results.info/#/athlete/865,Men,185,2011,115,26,ITA
Matteo ZURLONI,https://ifsc.results.info/#/athlete/1027,Men,-,2018,33,21,ITA
Gian Luca ZODDA,https://ifsc.results.info/#/athlete/899,Men,169,2013,73,24,ITA
Ryo OMASA,https://ifsc.results.info/#/athlete/11381,Men,-,2018,19,21,JPN
Motonori TABUCHI,https://ifsc.results.info/#/athlete/14001,Men,-,2022,7,16,JPN
Jun YASUKAWA,https://ifsc.results.info/#/athlete/12317,Men,172,2021,14,20,JPN
Yudai IKEDA,https://ifsc.results.info/#/athlete/2391,Men,-,2018,15,26,JPN
Shuto FUJINO,https://ifsc.results.info/#/athlete/13043,Men,-,2021,17,19,JPN
Rishat KHAIBULLIN,https://ifsc.results.info/#/athlete/3361,Men,170,2009,63,28,KAZ
Damir TOKTAROV,https://ifsc.results.info/#/athlete/13060,Men,-,2021,6,16,KAZ
Amir MAIMURATOV,https://ifsc.results.info/#/athlete/3362,Men,182,2009,60,28,KAZ
Zhandos KALIBAY,https://ifsc.results.info/#/athlete/14443,Men,-,2023,3,21,KAZ
Yongjun JUNG,https://ifsc.results.info/#/athlete/13153,Men,167,2022,16,20,KOR
Minsu KANG,https://ifsc.results.info/#/athlete/11892,Men,174,2019,12,22,KOR
Seungbeom LEE,https://ifsc.results.info/#/athlete/2069,Men,-,2015,22,24,KOR
Yongsu LEE,https://ifsc.results.info/#/athlete/2076,Men,-,2015,27,25,KOR
Taeung MOON,https://ifsc.results.info/#/athlete/13155,Men,166,2022,7,22,KOR
Jongbin CHOI,https://ifsc.results.info/#/athlete/2122,Men,-,2017,5,24,KOR
Dong Jun KIM,https://ifsc.results.info/#/athlete/14468,Men,-,2023,4,17,KOR
Younghyun KIM,https://ifsc.results.info/#/athlete/2064,Men,-,2014,10,26,KOR
Euncheol SHIN,https://ifsc.results.info/#/athlete/2099,Men,173,2016,20,24,KOR
Flynn CHISHOLM,https://ifsc.results.info/#/athlete/13914,Men,-,2022,8,18,NZL
Julian DAVID,https://ifsc.results.info/#/athlete/13915,Men,-,2022,8,18,NZL
Marcin DZIENSKI,https://ifsc.results.info/#/athlete/2845,Men,166,2007,129,31,POL
Yaroslav TKACH,https://ifsc.results.info/#/athlete/1511,Men,182,2015,64,22,UKR
Danyil BOLDYREV,https://ifsc.results.info/#/athlete/1480,Men,-,2006,85,31,UKR
Zach HAMMER,https://ifsc.results.info/#/athlete/13592,Men,-,2022,14,17,USA
Quinn O'FRANCIA,https://ifsc.results.info/#/athlete/11886,Men,175,2019,22,19,USA
Noah BRATSCHI,https://ifsc.results.info/#/athlete/1798,Men,184,2015,30,23,USA
Samuel WATSON,https://ifsc.results.info/#/athlete/13034,Men,178,2021,18,17,USA
John BROSLER,https://ifsc.results.info/#/athlete/1754,Men,179,2012,70,26,USA
Merritt ERNSBERGER,https://ifsc.results.info/#/athlete/1908,Men,173,2017,11,24,USA
Darren SKOLNIK,https://ifsc.results.info/#/athlete/1936,Men,170,2017,19,21,USA
Iris HEIKKINEN,https://ifsc.results.info/#/athlete/13902,Women,-,2022,6,17,FIN
Eugenie LEE,https://ifsc.results.info/#/athlete/676,Women,-,2014,15,23,GBR
Tseng-shun WONG,https://ifsc.results.info/#/athlete/2229,Women,-,2015,25,22,HKG
Wai-mui LING,https://ifsc.results.info/#/athlete/2235,Women,-,2016,10,22,HKG
Dasom YUN,https://ifsc.results.info/#/athlete/11805,Women,-,2019,19,18,KOR
Seunghyun KIM,https://ifsc.results.info/#/athlete/2051,Women,-,2012,27,26,KOR
Chaeyeong KIM,https://ifsc.results.info/#/athlete/14031,Women,150,2022,11,16,KOR
Gayeon CHO,https://ifsc.results.info/#/athlete/2081,Women,162,2017,10,21,KOR
Jain KIM,https://ifsc.results.info/#/athlete/2035,Women,152,2002,214,35,KOR
Vanessa Si Yinn TENG,https://ifsc.results.info/#/athlete/3632,Women,169,2011,37,27,SGP
Natalie GOH SIHUI,https://ifsc.results.info/#/athlete/13815,Women,-,2022,9,16,SGP
Grace CROWLEY,https://ifsc.results.info/#/athlete/11517,Women,-,2019,23,20,AUS
Erica VELEV,https://ifsc.results.info/#/athlete/2445,Women,-,2018,32,21,CAN
Di NIU,https://ifsc.results.info/#/athlete/2941,Women,-,2011,78,27,CHN
Yafei ZHOU,https://ifsc.results.info/#/athlete/13611,Women,-,2022,10,19,CHN
Mi YANG,https://ifsc.results.info/#/athlete/12071,Women,-,2019,7,22,CHN
Yuju MOU,https://ifsc.results.info/#/athlete/13609,Women,-,2023,7,18,CHN
Shengyan WANG,https://ifsc.results.info/#/athlete/13606,Women,-,2022,10,23,CHN
Shaoqin ZHANG,https://ifsc.results.info/#/athlete/14415,Women,-,2023,8,24,CHN
Lijuan DENG,https://ifsc.results.info/#/athlete/3014,Women,-,2018,20,23,CHN
Andrea ROJAS,https://ifsc.results.info/#/athlete/3209,Women,-,2009,94,28,ECU
Abigail RUANO,https://ifsc.results.info/#/athlete/12006,Women,-,2019,15,18,ECU
Capucine VIGLIONE,https://ifsc.results.info/#/athlete/569,Women,170,2016,52,21,FRA
Victoire ANDRIER,https://ifsc.results.info/#/athlete/511,Women,170,2013,59,27,FRA
Aurelia SARISSON,https://ifsc.results.info/#/athlete/488,Women,167,2012,71,26,FRA
Lison GAUTRON,https://ifsc.results.info/#/athlete/615,Women,-,2018,21,21,FRA
Manon LEBON,https://ifsc.results.info/#/athlete/11594,Women,-,2019,23,18,FRA
Franziska RITTER,https://ifsc.results.info/#/athlete/3120,Women,164,2018,37,20,GER
Nurul IQAMAH,https://ifsc.results.info/#/athlete/3290,Women,-,2013,45,28,INA
Rajiah SALLSABILLAH,https://ifsc.results.info/#/athlete/3311,Women,-,2017,29,24,INA
Desak MADE RITA KUSUMA DEWI,https://ifsc.results.info/#/athlete/11357,Women,-,2018,16,23,INA
Shivpreet PANNU,https://ifsc.results.info/#/athlete/2648,Women,-,2017,16,23,IND
Giulia RANDI,https://ifsc.results.info/#/athlete/966,Women,-,2016,55,21,ITA
Beatrice COLLI,https://ifsc.results.info/#/athlete/1024,Women,171,2018,55,19,ITA
Natsumi HAYASHI,https://ifsc.results.info/#/athlete/13438,Women,-,2022,13,32,JPN
Ai TAKEUCHI,https://ifsc.results.info/#/athlete/13436,Women,-,2022,17,18,JPN
Fumika KAWAKAMI,https://ifsc.results.info/#/athlete/13045,Women,-,2021,19,17,JPN
Haruka KANETANI,https://ifsc.results.info/#/athlete/14073,Women,-,2022,8,17,JPN
Karin HAYASHI,https://ifsc.results.info/#/athlete/13437,Women,-,2022,18,18,JPN
Anna BALARSHINA,https://ifsc.results.info/#/athlete/13058,Women,-,2021,9,16,KAZ
Assel MARLENOVA,https://ifsc.results.info/#/athlete/3364,Women,-,2011,67,27,KAZ
Tamara ULZHABAYEVA,https://ifsc.results.info/#/athlete/3357,Women,-,2001,121,36,KAZ
Heeju NOH,https://ifsc.results.info/#/athlete/11360,Women,165,2018,15,19,KOR
Nawoo CHOI,https://ifsc.results.info/#/athlete/2082,Women,163,2017,16,21,KOR
Jimin JEONG,https://ifsc.results.info/#/athlete/13154,Women,-,2018,20,19,KOR
Seoyeon PARK,https://ifsc.results.info/#/athlete/2105,Women,160,2016,15,21,KOR
Hanareum SUNG,https://ifsc.results.info/#/athlete/13158,Women,158,2022,17,18,KOR
Yena PI,https://ifsc.results.info/#/athlete/2110,Women,-,2017,6,21,KOR
Ye Jin JUNG,https://ifsc.results.info/#/athlete/14470,Women,-,2023,7,19,KOR
Sarah TETZLAFF,https://ifsc.results.info/#/athlete/3759,Women,173,2017,33,23,NZL
Jorja RANGI,https://ifsc.results.info/#/athlete/14049,Women,-,2022,4,21,NZL
Patrycja CHUDZIAK,https://ifsc.results.info/#/athlete/2857,Women,168,2011,104,26,POL
Aleksandra MIROSLAW,https://ifsc.results.info/#/athlete/2848,Women,162,2009,97,29,POL
Anna BROZEK,https://ifsc.results.info/#/athlete/2855,Women,-,2011,104,28,POL
Aleksandra KALUCKA,https://ifsc.results.info/#/athlete/2878,Women,164,2015,89,22,POL
Natalia KALUCKA,https://ifsc.results.info/#/athlete/2879,Women,165,2015,95,22,POL
Emma HUNT,https://ifsc.results.info/#/athlete/1999,Women,173,2018,24,20,USA
Piper KELLY,https://ifsc.results.info/#/athlete/1888,Women,-,2016,22,24,USA
Callie CLOSE,https://ifsc.results.info/#/athlete/2000,Women,182,2018,20,19,USA
Sophia CURCIO,https://ifsc.results.info/#/athlete/13025,Women,159,2021,17,17,USA
Hayden BARTON,https://ifsc.results.info/#/athlete/13851,Men,-,2022,4,20,AUS
Pierre REBREYEND,https://ifsc.results.info/#/athlete/494,Men,180,2012,38,26,FRA
Sabri SABRI,https://ifsc.results.info/#/athlete/3274,Men,-,2011,20,28,INA
Pangeran SEPTO WIBOWO SIBURIAN,https://ifsc.results.info/#/athlete/3316,Men,-,2017,15,29,INA
Aditya TRI SYAHRIA,https://ifsc.results.info/#/athlete/14087,Men,-,2022,2,20,INA
Raharjati NURSAMSA,https://ifsc.results.info/#/athlete/13547,Men,-,2022,5,23,INA
Aswin Kristanto RAMASKI,https://ifsc.results.info/#/athlete/14088,Men,-,2022,2,18,INA
Hinayah MUHAMMAD,https://ifsc.results.info/#/athlete/3318,Men,-,2017,15,28,INA
Alisher MURAT,https://ifsc.results.info/#/athlete/10820,Men,-,2012,19,26,KAZ
Beknur ALTYNBEKOV,https://ifsc.results.info/#/athlete/3397,Men,-,2016,29,22,KAZ
Matvey YESSIPOV,https://ifsc.results.info/#/athlete/3410,Men,-,2017,25,20,KAZ
Daeseong KIM,https://ifsc.results.info/#/athlete/11981,Men,178,2019,5,23,KOR
Mohd Izzat MOHD SHOKOR,https://ifsc.results.info/#/athlete/3348,Men,175,2016,5,31,MAS
Tan BING QIAN,https://ifsc.results.info/#/athlete/3683,Men,-,2017,4,23,SGP
Jit Yi DENZEL CHUA,https://ifsc.results.info/#/athlete/11967,Men,-,2019,6,18,SGP
Aphiwit LIMPANICHPAKDEE,https://ifsc.results.info/#/athlete/3941,Men,-,2017,21,20,THA
Tarim MEHMET ALİ,https://ifsc.results.info/#/athlete/13683,Men,-,2022,7,17,TUR
Nuria BROCKFELD,https://ifsc.results.info/#/athlete/11597,Women,-,2019,24,20,GER
Susan NURHIDAYAH,https://ifsc.results.info/#/athlete/13736,Women,-,2022,3,20,INA
Narda Mutia AMANDA,https://ifsc.results.info/#/athlete/11364,Women,-,2018,9,20,INA
Alivany VER KHADIJAH,https://ifsc.results.info/#/athlete/3334,Women,-,2017,9,22,INA
Eka DIAN KRISMAWATI,https://ifsc.results.info/#/athlete/14093,Women,-,2022,2,23,INA
Puja LESTARI,https://ifsc.results.info/#/athlete/13734,Women,-,2022,3,20,INA
Berthdigna Devi Surya KUSUMA,https://ifsc.results.info/#/athlete/3301,Women,-,2015,7,25,INA
Nurma ANJANI,https://ifsc.results.info/#/athlete/14486,Women,-,2023,1,20,INA
Liberty RUNNELS,https://ifsc.results.info/#/athlete/13551,Women,170,2022,10,17,USA
Samuel HEALY,https://ifsc.results.info/#/athlete/14139,Men,-,2023,1,26,AUS
Mateus RODRIGUES BELLOTTO,https://ifsc.results.info/#/athlete/11836,Men,-,2019,30,20,BRA
Sean MCCOLL,https://ifsc.results.info/#/athlete/1559,Men,169,2001,247,36,CAN
Jack MACDOUGALL,https://ifsc.results.info/#/athlete/11502,Men,178,2019,24,18,GBR
Nika IOSELIANI,https://ifsc.results.info/#/athlete/2473,Men,-,2017,4,23,GEO
Yannick NAGEL,https://ifsc.results.info/#/athlete/12335,Men,175,2020,29,18,GER
Marcello BOMBARDI,https://ifsc.results.info/#/athlete/854,Men,177,2007,175,30,ITA
Ao YURIKUSA,https://ifsc.results.info/#/athlete/11832,Men,175,2019,38,21,JPN
Rolands RUGENS,https://ifsc.results.info/#/athlete/4150,Men,-,2007,86,31,LAT
Thor VILLEGAS GARCÍA,https://ifsc.results.info/#/athlete/4207,Men,-,2015,16,22,MEX
Jair Octavio MORENO MONTOYA,https://ifsc.results.info/#/athlete/11842,Men,-,2019,12,20,MEX
William FLORES,https://ifsc.results.info/#/athlete/14566,Men,-,2023,1,26,PUR
Gregor VEZONIK,https://ifsc.results.info/#/athlete/1131,Men,176,2009,88,28,SLO
Zander WALLER,https://ifsc.results.info/#/athlete/1934,Men,182,2017,18,20,USA
Nathaniel COLEMAN,https://ifsc.results.info/#/athlete/1778,Men,182,2014,52,27,USA
Ellis ERNSBERGER,https://ifsc.results.info/#/athlete/2004,Men,170,2018,13,20,USA
Kevin AMON,https://ifsc.results.info/#/athlete/13703,Men,-,2022,23,19,AUT
Jack WHITNEY,https://ifsc.results.info/#/athlete/13933,Men,-,2022,3,18,CAN
Gabriel CANCEL,https://ifsc.results.info/#/athlete/13951,Men,-,2022,5,16,ECU
Giorgi JAPARIDZE,https://ifsc.results.info/#/athlete/2463,Men,-,2013,6,27,GEO
Giga JANKHOTELI,https://ifsc.results.info/#/athlete/2456,Men,-,2012,10,30,GEO
Linus BADER,https://ifsc.results.info/#/athlete/11603,Men,181,2019,33,21,GER
Ginta UEGAKI,https://ifsc.results.info/#/athlete/14009,Men,-,2022,5,17,JPN
Kazuki TANII,https://ifsc.results.info/#/athlete/13999,Men,-,2022,5,17,JPN
Andrés ALENCASTER,https://ifsc.results.info/#/athlete/13888,Men,-,2022,3,19,MEX
Joshua BRUYNS,https://ifsc.results.info/#/athlete/12310,Men,-,2020,23,20,RSA
Kostiantyn PAVLENKO,https://ifsc.results.info/#/athlete/1492,Men,182,2012,82,25,UKR
Evan HOMAN,https://ifsc.results.info/#/athlete/14557,Men,-,2023,1,17,USA
Joey KIM,https://ifsc.results.info/#/athlete/14571,Men,-,2023,2,17,USA
Richard LI,https://ifsc.results.info/#/athlete/13033,Men,-,2021,8,17,USA
Aidan GODDARD,https://ifsc.results.info/#/athlete/13664,Men,-,2022,3,26,USA
Zoe GARCIA MOLINA,https://ifsc.results.info/#/athlete/11998,Women,-,2019,21,19,ARG
Valentina AGUADO,https://ifsc.results.info/#/athlete/3161,Women,-,2015,89,22,ARG
Sandra LETTNER,https://ifsc.results.info/#/athlete/1270,Women,161,2015,94,22,AUT
Laura FARHAT DE ARAUJO FRAGA TIMO,https://ifsc.results.info/#/athlete/12901,Women,-,2021,10,16,BRA
Mariana HANGGI CORREIA,https://ifsc.results.info/#/athlete/12902,Women,-,2021,12,17,BRA
Rebecca FRANGOS,https://ifsc.results.info/#/athlete/1577,Women,-,2011,63,26,CAN
Martina CASTRO,https://ifsc.results.info/#/athlete/13971,Women,-,2023,8,18,CHI
Marketa JANOSOVA,https://ifsc.results.info/#/athlete/1453,Women,159,2018,70,19,CZE
Hélène JANICOT,https://ifsc.results.info/#/athlete/455,Women,165,2008,113,30,FRA
Manon HILY,https://ifsc.results.info/#/athlete/462,Women,154,2009,74,30,FRA
Molly THOMPSON-SMITH,https://ifsc.results.info/#/athlete/642,Women,159,2011,109,26,GBR
Holly TOOTHILL,https://ifsc.results.info/#/athlete/694,Women,165,2016,33,22,GBR
Mariam IOSELIANI,https://ifsc.results.info/#/athlete/10369,Women,-,2008,1,31,GEO
Leonie LOCHNER,https://ifsc.results.info/#/athlete/2018,Women,-,2015,36,23,GER
Afra HÖNIG,https://ifsc.results.info/#/athlete/3354,Women,165,2009,59,28,GER
Hana KOIKE,https://ifsc.results.info/#/athlete/11784,Women,167,2019,25,18,JPN
Arantza LUNA VELASCO,https://ifsc.results.info/#/athlete/4206,Women,-,2015,20,22,MEX
María Fernanda HIDALGO AMEZQUITA,https://ifsc.results.info/#/athlete/4220,Women,-,2017,27,22,MEX
Sofia Alejandra HERRERA VEGA CENTENO,https://ifsc.results.info/#/athlete/11650,Women,168,2019,8,28,PER
Julija KRUDER,https://ifsc.results.info/#/athlete/1137,Women,175,2011,65,26,SLO
Lucija TARKUS,https://ifsc.results.info/#/athlete/1181,Women,160,2017,76,20,SLO
Mira CAPICCHIONI,https://ifsc.results.info/#/athlete/11790,Women,-,2019,5,18,USA
Zoe BITTERS,https://ifsc.results.info/#/athlete/14556,Women,-,2023,1,21,USA
Adriene Akiko CLARK,https://ifsc.results.info/#/athlete/13020,Women,168,2022,9,19,USA
Quinn MASON,https://ifsc.results.info/#/athlete/1914,Women,-,2017,22,20,USA
Arantza FERNÁNDEZ GUTIERREZ,https://ifsc.results.info/#/athlete/4227,Women,-,2017,17,21,MEX
Valeria MACIAS FERREIRA,https://ifsc.results.info/#/athlete/4221,Women,-,2017,21,22,MEX
Sydney WILLIAMS,https://ifsc.results.info/#/athlete/14568,Women,-,2023,1,17,USA
Isis ROTHFORK,https://ifsc.results.info/#/athlete/14069,Women,-,2022,7,19,USA
Madeline MORRIS,https://ifsc.results.info/#/athlete/14569,Women,-,2023,1,26,USA
Micaela PATAJO,https://ifsc.results.info/#/athlete/14570,Women,-,2023,1,16,USA
Kailer KORDEWICK,https://ifsc.results.info/#/athlete/14056,Women,-,2022,2,17,USA
Matias OCHOA MARCOS,https://ifsc.results.info/#/athlete/12054,Men,170,2019,12,22,ARG
Lautaro Nicolás SORIA SANCHEZ,https://ifsc.results.info/#/athlete/14439,Men,-,2023,12,28,ARG
Aiden YANEV,https://ifsc.results.info/#/athlete/2567,Men,165,2018,9,20,AUS
Maxim PARE,https://ifsc.results.info/#/athlete/2565,Men,-,2018,16,20,AUS
Richard SCHWARK,https://ifsc.results.info/#/athlete/14538,Men,-,2023,3,21,BRA
Kindar MCNAMEE,https://ifsc.results.info/#/athlete/1647,Men,-,2017,21,21,CAN
Benjamin AYALA,https://ifsc.results.info/#/athlete/3903,Men,-,2014,38,26,CHI
Benjamin VARGAS,https://ifsc.results.info/#/athlete/3916,Men,180,2017,38,24,CHI
Martin STRANIK,https://ifsc.results.info/#/athlete/1361,Men,178,2004,139,33,CZE
Marek JELIGA,https://ifsc.results.info/#/athlete/1437,Men,171,2017,46,20,CZE
Jachym CINK,https://ifsc.results.info/#/athlete/1434,Men,-,2017,42,20,CZE
Adam ONDRA,https://ifsc.results.info/#/athlete/1364,Men,186,2007,118,30,CZE
Stepan STRANIK,https://ifsc.results.info/#/athlete/1357,Men,-,2001,44,36,CZE
Simon POTUCEK,https://ifsc.results.info/#/athlete/1418,Men,-,2016,58,22,CZE
Eneko CARRETERO CRUZ,https://ifsc.results.info/#/athlete/818,Men,-,2016,59,22,ESP
Guillermo PEINADO FRANGANILLO,https://ifsc.results.info/#/athlete/13316,Men,169,2022,26,18,ESP
Tuukka SIMONEN,https://ifsc.results.info/#/athlete/12460,Men,-,2021,10,21,FIN
Arthur LE BRIS,https://ifsc.results.info/#/athlete/12509,Men,180,2021,6,21,FRA
Alexander MEGOS,https://ifsc.results.info/#/athlete/2574,Men,175,2008,89,30,GER
Ioannis-filippos NOEL-BAKER,https://ifsc.results.info/#/athlete/11636,Men,182,2019,18,20,GRE
Chi-fung AU,https://ifsc.results.info/#/athlete/2217,Men,-,2011,106,28,HKG
Gabriele MORONI,https://ifsc.results.info/#/athlete/849,Men,-,2001,107,36,ITA
Alexey PANFILOV,https://ifsc.results.info/#/athlete/3367,Men,-,2011,34,26,KAZ
Artyom DEVYATERIKOV,https://ifsc.results.info/#/athlete/3358,Men,-,2005,92,36,KAZ
Santiago DE ALBA FLORES,https://ifsc.results.info/#/athlete/6092,Men,-,2008,44,31,MEX
Viktor TRPOVSKI,https://ifsc.results.info/#/athlete/3188,Men,-,2014,29,23,MKD
Paul BRAND,https://ifsc.results.info/#/athlete/3607,Men,182,2017,42,20,NED
Don VAN LAERE,https://ifsc.results.info/#/athlete/3591,Men,-,2015,39,24,NED
Calrin CURTIS,https://ifsc.results.info/#/athlete/1052,Men,-,2011,20,30,RSA
Julien CLÉMENCE,https://ifsc.results.info/#/athlete/4283,Men,-,2016,60,22,SUI
Robert LUBY,https://ifsc.results.info/#/athlete/2769,Men,-,2015,13,27,SVK
Peter KURIC,https://ifsc.results.info/#/athlete/2767,Men,175,2015,70,22,SVK
Fredrik SERLACHIUS,https://ifsc.results.info/#/athlete/2670,Men,-,2012,83,25,SWE
Leonid OSADCHYI,https://ifsc.results.info/#/athlete/1513,Men,-,2015,41,22,UKR
Evangelina BRIGGS,https://ifsc.results.info/#/athlete/13661,Women,-,2022,7,17,CAN
Alejandra CONTRERAS,https://ifsc.results.info/#/athlete/3911,Women,160,2014,84,23,CHI
Muykuay SILVA,https://ifsc.results.info/#/athlete/3900,Women,162,2012,40,25,CHI
Tereza SIRUCKOVA,https://ifsc.results.info/#/athlete/1447,Women,-,2017,50,20,CZE
Arina JURCENKO,https://ifsc.results.info/#/athlete/12330,Women,-,2021,35,17,CZE
Ema GALEOVA,https://ifsc.results.info/#/athlete/12859,Women,-,2021,10,21,CZE
Barbora ZITKOVA,https://ifsc.results.info/#/athlete/14291,Women,-,2023,6,18,CZE
Miriam DIEZ LUENGO,https://ifsc.results.info/#/athlete/13412,Women,-,2022,11,19,ESP
Rebeca PÉREZ DUATO,https://ifsc.results.info/#/athlete/13450,Women,-,2022,10,25,ESP
Rosa ARNOLD,https://ifsc.results.info/#/athlete/12623,Women,-,2021,16,17,FIN
Flavy COHAUT,https://ifsc.results.info/#/athlete/553,Women,174,2016,39,22,FRA
Sandra HOPFENSITZ,https://ifsc.results.info/#/athlete/11740,Women,165,2019,33,20,GER
Evdoxia-aikaterini KALLIA,https://ifsc.results.info/#/athlete/4121,Women,163,2017,34,21,GRE
Svana BJARNASON,https://ifsc.results.info/#/athlete/14483,Women,171,2023,11,32,ISL
Valeri KREMER,https://ifsc.results.info/#/athlete/3979,Women,-,2007,75,32,ISR
Giulia MEDICI,https://ifsc.results.info/#/athlete/910,Women,-,2014,61,24,ITA
Margarita AGAMBAYEVA,https://ifsc.results.info/#/athlete/3374,Women,-,2013,71,24,KAZ
Arta MATELSONE,https://ifsc.results.info/#/athlete/12296,Women,-,2021,6,26,LAT
María Fernanda GONZÁLEZ RÁMIREZ,https://ifsc.results.info/#/athlete/4215,Women,-,2017,19,22,MEX
Lisa KLEM,https://ifsc.results.info/#/athlete/3622,Women,-,2018,23,19,NED
Sunniva Eik HAAVE,https://ifsc.results.info/#/athlete/3068,Women,-,2013,34,26,NOR
Anne ACKRE,https://ifsc.results.info/#/athlete/13272,Women,-,2022,14,20,NOR
Janja GARNBRET,https://ifsc.results.info/#/athlete/1147,Women,164,2013,126,24,SLO
Lucka RAKOVEC,https://ifsc.results.info/#/athlete/1160,Women,170,2015,92,22,SLO
Natalie BÄRTSCHI,https://ifsc.results.info/#/athlete/4293,Women,-,2008,61,29,SUI
Anastasiia KOBETS,https://ifsc.results.info/#/athlete/12562,Women,156,2021,42,17,UKR
Daria NESTERENKO,https://ifsc.results.info/#/athlete/11624,Women,-,2019,28,20,UKR
Bautista GREGORINI,https://ifsc.results.info/#/athlete/12026,Men,-,2019,17,21,ARG
Pheaktra SAMBATH,https://ifsc.results.info/#/athlete/14643,Men,-,2023,4,22,CAM
Joaquin URRUTIA,https://ifsc.results.info/#/athlete/11862,Men,-,2019,26,18,CHI
Marcelo Ignacio VARGAS CLAROS,https://ifsc.results.info/#/athlete/14641,Men,-,2023,4,22,ESA
Toivo ELORANTA,https://ifsc.results.info/#/athlete/14602,Men,176,2023,2,17,FIN
Pierre LE CERF,https://ifsc.results.info/#/athlete/546,Men,-,2015,23,23,FRA
Antoine GIRARD,https://ifsc.results.info/#/athlete/390,Men,-,1998,21,23,FRA
Leo FAVOT,https://ifsc.results.info/#/athlete/574,Men,-,2017,23,23,FRA
Joseph XIBERRAS,https://ifsc.results.info/#/athlete/735,Men,182,2018,30,19,GBR
Michail VOLYRAKIS,https://ifsc.results.info/#/athlete/13686,Men,182,2022,7,24,GRE
Daniel Alejandro MERINO ORDÓÑEZ,https://ifsc.results.info/#/athlete/14636,Men,173,2023,4,22,HON
Gholamali BARATZADEH,https://ifsc.results.info/#/athlete/3460,Men,-,2005,60,38,IRI
Radin FOROUGHIAN,https://ifsc.results.info/#/athlete/12074,Men,-,2019,14,19,IRI
Yotam BEN REUVEN,https://ifsc.results.info/#/athlete/4046,Men,-,2018,20,22,ISR
Ido FIDEL,https://ifsc.results.info/#/athlete/4021,Men,180,2017,10,20,ISR
Davide Marco COLOMBO,https://ifsc.results.info/#/athlete/953,Men,-,2016,57,21,ITA
Pietro VIDI,https://ifsc.results.info/#/athlete/12815,Men,-,2021,12,21,ITA
Nicolò SARTIRANA,https://ifsc.results.info/#/athlete/1047,Men,169,2018,14,20,ITA
Vaidotas MONSTAVICIUS,https://ifsc.results.info/#/athlete/12863,Men,176,2021,5,33,LTU
Matej MARKOV,https://ifsc.results.info/#/athlete/14601,Men,-,2023,7,16,MKD
Jovan IVANOV,https://ifsc.results.info/#/athlete/5804,Men,-,2005,13,33,MKD
Martin BERGANT,https://ifsc.results.info/#/athlete/1135,Men,182,2010,93,28,SLO
Domen SKOFIC,https://ifsc.results.info/#/athlete/1129,Men,177,2008,168,29,SLO
Rocio Ailen BECERRA,https://ifsc.results.info/#/athlete/3160,Women,157,2014,25,24,ARG
Jordyn DAMASCO,https://ifsc.results.info/#/athlete/2564,Women,-,2018,5,20,AUS
Vinnith IM,https://ifsc.results.info/#/athlete/14644,Women,-,2023,4,17,CAM
Ignacia MELLADO QUINTEROS,https://ifsc.results.info/#/athlete/11420,Women,160,2018,37,21,CHI
Grecia Daniela HERNANDEZ GUERRERO,https://ifsc.results.info/#/athlete/14677,Women,-,2023,4,17,ESA
Aida TORRES ILLAMOLA,https://ifsc.results.info/#/athlete/841,Women,-,2018,53,21,ESP
Alexandra KATERI,https://ifsc.results.info/#/athlete/13721,Women,157,2022,2,34,GRE
Iris Pamela DURON ANTONIO,https://ifsc.results.info/#/athlete/14637,Women,164,2023,4,23,HON
Elnaz REKABI,https://ifsc.results.info/#/athlete/3465,Women,161,2007,78,34,IRI
Rahil RAMEZANI,https://ifsc.results.info/#/athlete/3525,Women,-,2016,22,22,IRI
Maya DREAMER,https://ifsc.results.info/#/athlete/4018,Women,-,2017,25,22,ISR
Claudia GHISOLFI,https://ifsc.results.info/#/athlete/860,Women,162,2010,82,27,ITA
Caterina DAL ZOTTO,https://ifsc.results.info/#/athlete/1039,Women,-,2018,13,20,ITA
Miriam FOGU,https://ifsc.results.info/#/athlete/991,Women,171,2017,31,21,ITA
Sara TRAJKOSKA,https://ifsc.results.info/#/athlete/12939,Women,-,2021,12,17,MKD
Dominik HAERTL,https://ifsc.results.info/#/athlete/1262,Men,-,2014,31,24,AUT
Andreas HOFHERR,https://ifsc.results.info/#/athlete/1282,Men,-,2017,28,20,AUT
Maximilian LENZ,https://ifsc.results.info/#/athlete/1332,Men,-,2017,22,20,AUT
Julian WIMMER,https://ifsc.results.info/#/athlete/11580,Men,-,2019,37,18,AUT
Timo UZNIK,https://ifsc.results.info/#/athlete/12382,Men,-,2020,34,18,AUT
Ilja AUERSPERG,https://ifsc.results.info/#/athlete/12500,Men,-,2021,25,17,AUT
Mikel Asier LINACISORO MOLINA,https://ifsc.results.info/#/athlete/793,Men,184,2014,129,23,ESP
Samuel BUTTERWORTH,https://ifsc.results.info/#/athlete/12237,Men,-,2022,10,22,GBR
Orfeas TSIAOUSIS,https://ifsc.results.info/#/athlete/4119,Men,171,2017,22,24,GRE
Nimród Sebestyén TUSNÁDY,https://ifsc.results.info/#/athlete/2201,Men,-,2018,57,19,HUN
Reza KOLASANGIAN,https://ifsc.results.info/#/athlete/3484,Men,-,2013,32,31,IRI
Birgir Óli SNORRASON,https://ifsc.results.info/#/athlete/14482,Men,170,2023,5,28,ISL
Guðmundur Freyr ARNARSON,https://ifsc.results.info/#/athlete/14481,Men,-,2023,6,25,ISL
Yuval SHEMLA,https://ifsc.results.info/#/athlete/3989,Men,168,2012,84,25,ISR
Shion OMATA,https://ifsc.results.info/#/athlete/13986,Men,162,2022,13,17,JPN
Roman SIVAKOV,https://ifsc.results.info/#/athlete/4391,Men,-,2018,18,20,LTU
Hector LOPEZ VALDEZ,https://ifsc.results.info/#/athlete/6393,Men,-,2012,17,28,MEX
Jonas UTELLI,https://ifsc.results.info/#/athlete/3883,Men,175,2017,38,20,SUI
Gianstefano DI NINO,https://ifsc.results.info/#/athlete/12027,Men,-,2019,12,20,VEN
Luis CASTELLANOS,https://ifsc.results.info/#/athlete/10886,Men,-,2012,14,29,VEN
Johannes HOFHERR,https://ifsc.results.info/#/athlete/1283,Men,178,2016,52,21,AUT
Mathias POSCH,https://ifsc.results.info/#/athlete/1251,Men,171,2013,70,24,AUT
Raffael GRUBER,https://ifsc.results.info/#/athlete/12313,Men,-,2020,32,17,AUT
Louis GUNDOLF,https://ifsc.results.info/#/athlete/1277,Men,188,2015,54,22,AUT
Jules MARCHALAND,https://ifsc.results.info/#/athlete/605,Men,175,2018,15,22,FRA
Nao MONCHOIS,https://ifsc.results.info/#/athlete/519,Men,-,2014,35,25,FRA
Philipp MARTIN,https://ifsc.results.info/#/athlete/765,Men,173,2018,49,29,GER
Christoph HANKE,https://ifsc.results.info/#/athlete/2014,Men,167,2009,92,29,GER
Hritik MARNE,https://ifsc.results.info/#/athlete/2658,Men,-,2017,27,23,IND
Giorgio BENDAZZOLI,https://ifsc.results.info/#/athlete/893,Men,-,2013,36,24,ITA
Giorgio TOMATIS,https://ifsc.results.info/#/athlete/1005,Men,180,2017,47,20,ITA
Masahiro HIGUCHI,https://ifsc.results.info/#/athlete/2261,Men,169,2007,75,31,JPN
Taisei HOMMA,https://ifsc.results.info/#/athlete/2370,Men,177,2016,39,24,JPN
Satone YOSHIDA,https://ifsc.results.info/#/athlete/11390,Men,168,2018,37,19,JPN
Milan PRESKAR,https://ifsc.results.info/#/athlete/1134,Men,172,2010,66,27,SLO
Lovro CREP,https://ifsc.results.info/#/athlete/11915,Men,170,2019,36,19,SLO
Dimitri VOGT,https://ifsc.results.info/#/athlete/3427,Men,158,2011,83,26,SUI
Nino GRÜNENFELDER,https://ifsc.results.info/#/athlete/4284,Men,172,2017,45,22,SUI
Tomas PLEVKO,https://ifsc.results.info/#/athlete/2763,Men,-,2013,25,24,SVK
Illia BAKHMET-SMOLENSKYI,https://ifsc.results.info/#/athlete/11572,Men,-,2019,23,18,UKR
Ariane FRANKEN,https://ifsc.results.info/#/athlete/12383,Women,165,2020,30,18,AUT
Anna BOLIUS,https://ifsc.results.info/#/athlete/12597,Women,-,2021,14,16,AUT
Lea KEMPF,https://ifsc.results.info/#/athlete/1285,Women,-,2018,30,19,AUT
Maya KLAUNZER,https://ifsc.results.info/#/athlete/13403,Women,171,2022,8,20,AUT
Lucie DELCOIGNE,https://ifsc.results.info/#/athlete/349,Women,-,2016,35,21,BEL
Lucie WATILLON,https://ifsc.results.info/#/athlete/363,Women,-,2017,72,20,BEL
Anja SANTINI MIKULIĆ,https://ifsc.results.info/#/athlete/12507,Women,-,2021,20,18,CRO
Iziar MARTÍNEZ ALMENDROS,https://ifsc.results.info/#/athlete/12358,Women,-,2020,50,18,ESP
Lucy GARLICK,https://ifsc.results.info/#/athlete/12947,Women,165,2021,22,16,GBR
Louise FLOCKHART,https://ifsc.results.info/#/athlete/742,Women,172,2018,30,19,GBR
Anna Maria APEL,https://ifsc.results.info/#/athlete/12336,Women,-,2020,44,18,GER
Danai VALSAMIDI,https://ifsc.results.info/#/athlete/4135,Women,-,2018,9,20,GRE
Leonie HOFER,https://ifsc.results.info/#/athlete/12519,Women,-,2021,14,17,ITA
Lynn VAN DER MEER,https://ifsc.results.info/#/athlete/3594,Women,168,2015,43,24,NED
Ariane JANATA-BURNS,https://ifsc.results.info/#/athlete/13780,Women,172,2022,5,17,RSA
Tegwen OATES,https://ifsc.results.info/#/athlete/12308,Women,-,2020,14,20,RSA
Vita LUKAN,https://ifsc.results.info/#/athlete/1153,Women,164,2014,113,23,SLO
Martina BURŠÍKOVÁ,https://ifsc.results.info/#/athlete/12348,Women,169,2020,43,17,SVK
Lianet CASTILLO,https://ifsc.results.info/#/athlete/11989,Women,-,2019,13,20,VEN
Julia FISER,https://ifsc.results.info/#/athlete/1239,Women,158,2011,77,26,AUT
Sophia AVENDER,https://ifsc.results.info/#/athlete/12778,Women,-,2021,18,16,AUT
Mattea PÖTZI,https://ifsc.results.info/#/athlete/1266,Women,160,2014,61,23,AUT
Eva Maria HAMMELMÜLLER,https://ifsc.results.info/#/athlete/1259,Women,167,2014,89,23,AUT
Chloe EARLE,https://ifsc.results.info/#/athlete/1617,Women,167,2015,13,23,CAN
Julia CHANOURDIE,https://ifsc.results.info/#/athlete/466,Women,164,2010,115,27,FRA
Salomé ROMAIN,https://ifsc.results.info/#/athlete/467,Women,149,2010,83,27,FRA
Käthe ATKINS,https://ifsc.results.info/#/athlete/3424,Women,170,2018,26,22,GER
Martina DEMMEL,https://ifsc.results.info/#/athlete/12324,Women,157,2020,21,22,GER
Natsuki TANII,https://ifsc.results.info/#/athlete/2381,Women,152,2017,45,20,JPN
Tina Johnsen HAFSAAS,https://ifsc.results.info/#/athlete/3060,Women,164,2008,107,29,NOR
Tjasa SLEMENSEK,https://ifsc.results.info/#/athlete/1148,Women,168,2013,70,24,SLO
Lana SKUSEK,https://ifsc.results.info/#/athlete/1155,Women,162,2014,47,23,SLO
Michelle HULLIGER,https://ifsc.results.info/#/athlete/4301,Women,157,2013,69,24,SUI
Nika POTAPOVA,https://ifsc.results.info/#/athlete/1526,Women,154,2017,67,20,UKR
Jordi POLES,https://ifsc.results.info/#/athlete/606,Men,176,2018,5,20,FRA
Sebastian HALENKE,https://ifsc.results.info/#/athlete/3125,Men,177,2009,87,28,GER
Ravianto RAMADHAN,https://ifsc.results.info/#/athlete/3331,Men,172,2017,9,21,INA
Raviandi RAMADHAN,https://ifsc.results.info/#/athlete/3332,Men,170,2017,10,21,INA
Alireza PILEHFOROUSHAN,https://ifsc.results.info/#/athlete/3543,Men,-,2016,8,23,IRI
Luca MALOSTI,https://ifsc.results.info/#/athlete/12814,Men,175,2019,17,20,ITA
Neo SUZUKI,https://ifsc.results.info/#/athlete/14606,Men,-,2023,9,19,JPN
Haruki UEMURA,https://ifsc.results.info/#/athlete/11850,Men,174,2019,19,19,JPN
Dimitri FLICK,https://ifsc.results.info/#/athlete/13722,Men,-,2022,8,24,SUI
Dario JOST,https://ifsc.results.info/#/athlete/3885,Men,-,2017,33,20,SUI
Romain SABATIER,https://ifsc.results.info/#/athlete/12415,Men,-,2021,16,18,SUI
Lukas ZGRAGGEN,https://ifsc.results.info/#/athlete/4282,Men,-,2018,23,19,SUI
Auswin AUEAREECHIT,https://ifsc.results.info/#/athlete/13842,Men,-,2022,10,16,THA
Chad HORTON,https://ifsc.results.info/#/athlete/14354,Men,-,2023,2,25,AUS
Lawrence BOGESCHDORFER,https://ifsc.results.info/#/athlete/1317,Men,-,2017,52,21,AUT
Pedro EGG,https://ifsc.results.info/#/athlete/11881,Men,-,2019,9,22,BRA
Jose Tomas LEDESMA,https://ifsc.results.info/#/athlete/11857,Men,-,2019,19,19,CHI
Tomas CHICAIZA DAVILA,https://ifsc.results.info/#/athlete/12045,Men,175,2019,14,18,ECU
Marceau GARNIER,https://ifsc.results.info/#/athlete/612,Men,-,2018,12,22,FRA
Matthew FALL,https://ifsc.results.info/#/athlete/13806,Men,185,2022,10,21,GBR
Dorian ZEDLER,https://ifsc.results.info/#/athlete/12743,Men,-,2021,17,21,GER
Aodhan UMLAUF,https://ifsc.results.info/#/athlete/12742,Men,-,2021,18,16,GER
Luca ROBBIATI,https://ifsc.results.info/#/athlete/13353,Men,-,2022,11,20,ITA
Sho TAKENAKA,https://ifsc.results.info/#/athlete/14726,Men,-,2023,4,20,JPN
Mikolaj WROBLEWSKI,https://ifsc.results.info/#/athlete/8835,Men,-,2012,11,26,POL
Gustavo Jose PEREZ,https://ifsc.results.info/#/athlete/3182,Men,-,2017,17,22,VEN
Nolwenn ARC,https://ifsc.results.info/#/athlete/530,Women,157,2015,53,23,FRA
Ilaria SCOLARIS,https://ifsc.results.info/#/athlete/895,Women,160,2013,39,25,ITA
Federica PAPETTI,https://ifsc.results.info/#/athlete/1023,Women,-,2018,49,19,ITA
Valentina ARNOLDI,https://ifsc.results.info/#/athlete/12835,Women,-,2021,9,18,ITA
Miu KAKIZAKI,https://ifsc.results.info/#/athlete/12846,Women,149,2021,13,20,JPN
Alyssa MEYER,https://ifsc.results.info/#/athlete/1068,Women,-,2016,10,21,RSA
Zoé EGLI,https://ifsc.results.info/#/athlete/3880,Women,164,2016,56,22,SUI
Anne-sophie KOLLER,https://ifsc.results.info/#/athlete/3426,Women,160,2010,95,27,SUI
Noé LOOSER,https://ifsc.results.info/#/athlete/12222,Women,-,2021,28,17,SUI
Carmen CONTRERAS,https://ifsc.results.info/#/athlete/3912,Women,-,2018,24,19,CHI
Anahí RIVEROS,https://ifsc.results.info/#/athlete/11825,Women,-,2019,7,19,CHI
Leslie Adriana ROMERO PÉREZ,https://ifsc.results.info/#/athlete/13373,Women,160,2022,12,25,ESP
Carla MARTÍNEZ VIDAL,https://ifsc.results.info/#/athlete/13761,Women,157,2022,18,21,ESP
Nele THOMAS,https://ifsc.results.info/#/athlete/12741,Women,-,2021,18,16,GER
Ainaz MOHAMMADI SARDOO,https://ifsc.results.info/#/athlete/11949,Women,-,2019,4,18,IRI
Mahya DARABIAN,https://ifsc.results.info/#/athlete/3524,Women,-,2016,35,21,IRI
Agnese FIORIO,https://ifsc.results.info/#/athlete/13342,Women,-,2022,16,18,ITA
Sofia BELLESINI,https://ifsc.results.info/#/athlete/11598,Women,-,2019,38,18,ITA
Abby GEBERT,https://ifsc.results.info/#/athlete/3772,Women,-,2018,13,19,NZL
Campbell HARRISON,https://ifsc.results.info/#/athlete/2493,Men,182,2012,66,26,AUS
Dylan SOIN,https://ifsc.results.info/#/athlete/13854,Men,-,2022,7,17,AUS
Stepan POTUCEK,https://ifsc.results.info/#/athlete/1449,Men,-,2017,42,22,CZE
Arsène DUVAL,https://ifsc.results.info/#/athlete/516,Men,181,2014,44,24,FRA
Jeremy BONDER,https://ifsc.results.info/#/athlete/470,Men,168,2010,57,32,FRA
Örjan RÖDLAND VAAGE,https://ifsc.results.info/#/athlete/3097,Men,-,2018,19,22,NOR
André NERES,https://ifsc.results.info/#/athlete/3780,Men,-,2003,27,38,POR
Gustavo CUNHA,https://ifsc.results.info/#/athlete/11508,Men,-,2019,17,19,POR
Darius RAPA,https://ifsc.results.info/#/athlete/12340,Men,-,2020,33,17,ROU
Paul CRISTEA,https://ifsc.results.info/#/athlete/2749,Men,-,2018,21,19,ROU
Mel JANSE VAN RENSBURG,https://ifsc.results.info/#/athlete/1095,Men,174,2018,14,22,RSA
Camille POUGET,https://ifsc.results.info/#/athlete/561,Women,162,2016,46,21,FRA
Léa MARIGO,https://ifsc.results.info/#/athlete/539,Women,-,2015,11,29,FRA
Ina PLASSOUX DJIGA,https://ifsc.results.info/#/athlete/12326,Women,-,2020,7,24,FRA
Meije LERONDEL,https://ifsc.results.info/#/athlete/12476,Women,159,2021,15,17,FRA
Viola BATTISTELLA,https://ifsc.results.info/#/athlete/1022,Women,-,2018,27,19,ITA
Sara ZERAATZADEH,https://ifsc.results.info/#/athlete/12982,Women,-,2023,2,17,IRI
Ties VANCRAEYNEST,https://ifsc.results.info/#/athlete/356,Men,177,2017,52,20,BEL
Arno LUYPAERT,https://ifsc.results.info/#/athlete/369,Men,-,2017,14,25,BEL
Emiliano TORRIJO,https://ifsc.results.info/#/athlete/12057,Men,-,2019,8,22,CHI
Lukas MOKROLUSKY,https://ifsc.results.info/#/athlete/12565,Men,-,2021,26,16,CZE
Hugo PARMENTIER,https://ifsc.results.info/#/athlete/492,Men,167,2012,44,25,FRA
Romaric GEFFROY,https://ifsc.results.info/#/athlete/593,Men,177,2017,9,27,FRA
Adrien LEMAIRE,https://ifsc.results.info/#/athlete/518,Men,-,2014,34,25,FRA
Luca BOLDRINI,https://ifsc.results.info/#/athlete/11576,Men,-,2019,33,18,ITA
Stefano GHISOLFI,https://ifsc.results.info/#/athlete/855,Men,169,2007,195,30,ITA
Diego Ernesto VÁZQUEZ,https://ifsc.results.info/#/athlete/14653,Men,-,2023,4,29,MEX
Roxy PERRY,https://ifsc.results.info/#/athlete/2490,Women,-,2011,32,26,AUS
Savina NICELLI,https://ifsc.results.info/#/athlete/12525,Women,-,2021,19,19,ITA
Giulia BERNARDINI,https://ifsc.results.info/#/athlete/11690,Women,-,2019,12,18,ITA
Natsumi HIRANO,https://ifsc.results.info/#/athlete/2369,Women,-,2016,28,21,JPN
Risa OTA,https://ifsc.results.info/#/athlete/2267,Women,161,2009,78,30,JPN
Helen GILLETT,https://ifsc.results.info/#/athlete/1990,Women,-,2018,3,20,USA
Alejo SUTER,https://ifsc.results.info/#/athlete/13828,Men,-,2022,10,16,ARG
Boyan KIROV,https://ifsc.results.info/#/athlete/12513,Men,-,2021,38,16,BUL
León PINO,https://ifsc.results.info/#/athlete/14651,Men,-,2014,9,24,CHI
Lovre ČULIĆ,https://ifsc.results.info/#/athlete/12692,Men,-,2021,19,16,CRO
Frederik VIBERG CHRISTIANSEN,https://ifsc.results.info/#/athlete/11518,Men,-,2019,15,22,DEN
Tulio OBREGON,https://ifsc.results.info/#/athlete/12019,Men,-,2019,8,20,ECU
Keit NURGA,https://ifsc.results.info/#/athlete/11520,Men,168,2019,2,26,EST
Emilio FLORES,https://ifsc.results.info/#/athlete/14762,Men,-,2023,5,17,GUA
Gergő VÁLYI,https://ifsc.results.info/#/athlete/2203,Men,176,2018,52,19,HUN
Muhammad RIZKY SYAHRAFLI SIMATUPANG,https://ifsc.results.info/#/athlete/12870,Men,170,2022,9,19,INA
Musauwir MUSAUWIR,https://ifsc.results.info/#/athlete/12872,Men,-,2022,9,19,INA
Muhammad Ferza Fernada ABDI,https://ifsc.results.info/#/athlete/13548,Men,-,2022,8,20,INA
Putra TRI RAMADANI,https://ifsc.results.info/#/athlete/14090,Men,-,2022,5,18,INA
Sigrid BIM,https://ifsc.results.info/#/athlete/10705,Men,-,2011,11,24,INA
Mohammadamin YAZDIZAD,https://ifsc.results.info/#/athlete/3548,Men,180,2016,6,24,IRI
Azat MAIKOTOV,https://ifsc.results.info/#/athlete/13067,Men,-,2021,5,20,KAZ
Dohyeon KIM,https://ifsc.results.info/#/athlete/11859,Men,180,2019,20,18,KOR
Kenu PUERTA WONG,https://ifsc.results.info/#/athlete/14888,Men,173,2023,5,17,PER
Elliot ERIKSSON,https://ifsc.results.info/#/athlete/11640,Men,-,2019,13,19,SWE
Albin MEYER,https://ifsc.results.info/#/athlete/12255,Men,-,2021,12,19,SWE
Gabriel KERN,https://ifsc.results.info/#/athlete/12250,Men,180,2021,14,17,SWE
Teeraphon BOONDECH,https://ifsc.results.info/#/athlete/3938,Men,-,2015,27,22,THA
Roman VASKO,https://ifsc.results.info/#/athlete/8672,Men,-,2011,9,27,UKR
Maksym VNUKOV,https://ifsc.results.info/#/athlete/11497,Men,-,2019,30,18,UKR
Mykhayil TKACHUK,https://ifsc.results.info/#/athlete/1502,Men,-,2014,85,23,UKR
Aaron MATTES,https://ifsc.results.info/#/athlete/11841,Men,-,2019,6,21,AUS
Joaquin TAPIA,https://ifsc.results.info/#/athlete/14887,Men,165,2023,2,21,CHI
Petr BURIAN,https://ifsc.results.info/#/athlete/1393,Men,193,2014,18,32,CZE
Paolo RIVADENEIRA,https://ifsc.results.info/#/athlete/3242,Men,180,2018,16,20,ECU
Mehdi ALIPOUR SHENAZANDIFARD,https://ifsc.results.info/#/athlete/3477,Men,-,2012,17,25,IRI
Valeriy SERDYUK,https://ifsc.results.info/#/athlete/3390,Men,-,2015,17,24,KAZ
Sangmin KIM,https://ifsc.results.info/#/athlete/2095,Men,-,2016,7,25,KOR
Hubert PRZYTULA,https://ifsc.results.info/#/athlete/2853,Men,-,2011,16,30,POL
Oskar SZALECKI,https://ifsc.results.info/#/athlete/12393,Men,-,2020,19,17,POL
Sirapob JIRAJATURAPAK,https://ifsc.results.info/#/athlete/3939,Men,-,2015,34,23,THA
Hryhorii ILCHYSHYN,https://ifsc.results.info/#/athlete/1547,Men,-,2018,38,19,UKR
Denys MOZOLEVYCH,https://ifsc.results.info/#/athlete/11738,Men,-,2019,24,18,UKR
Matilde CABEZAS,https://ifsc.results.info/#/athlete/13974,Women,-,2022,7,17,CHI
Emilia DAVILA,https://ifsc.results.info/#/athlete/14742,Women,-,2023,7,17,ECU
Choirul UMI CAHYANING AYUB,https://ifsc.results.info/#/athlete/3328,Women,-,2017,14,22,INA
Fatimah SITI,https://ifsc.results.info/#/athlete/11086,Women,-,2013,1,27,INA
Fujiyanti WIDIA,https://ifsc.results.info/#/athlete/11259,Women,153,2015,10,25,INA
Ragil Rakasiwii KHARISMA,https://ifsc.results.info/#/athlete/3300,Women,-,2015,10,23,INA
Sukma LINTANG CAHYANI,https://ifsc.results.info/#/athlete/11372,Women,158,2018,15,19,INA
Sarina GHAFFARI,https://ifsc.results.info/#/athlete/14865,Women,-,2023,5,17,IRI
Viktoriya ADAMENKO,https://ifsc.results.info/#/athlete/13072,Women,-,2021,16,18,KAZ
Regina SALAZAR PUGA,https://ifsc.results.info/#/athlete/4224,Women,-,2017,10,20,MEX
Silvana Lourdes LEYTON MATTO,https://ifsc.results.info/#/athlete/14013,Women,-,2022,7,17,PER
Melissa Esther CHEN CHEN,https://ifsc.results.info/#/athlete/13220,Women,-,2021,9,25,PER
Jil COUTURE,https://ifsc.results.info/#/athlete/12221,Women,-,2021,24,17,SUI
Rattankorn SUTHAPHAISANWITHAYA,https://ifsc.results.info/#/athlete/13845,Women,-,2023,6,17,THA
Nicole MEJIA,https://ifsc.results.info/#/athlete/6359,Women,-,2011,19,26,ECU
Arina KOZLOVA,https://ifsc.results.info/#/athlete/13064,Women,-,2021,8,16,KAZ
Pratthana RAKSACHAT,https://ifsc.results.info/#/athlete/3928,Women,-,2011,26,28,THA
Oksana BUROVA,https://ifsc.results.info/#/athlete/11596,Women,-,2019,30,20,UKR
Alina SHCHYHARIEVA,https://ifsc.results.info/#/athlete/11593,Women,-,2019,26,21,UKR
Kseniia HORIELOVA,https://ifsc.results.info/#/athlete/13052,Women,-,2021,16,16,UKR
Sofiia HLADKA,https://ifsc.results.info/#/athlete/1532,Women,175,2017,28,20,UKR
Daria TKACHOVA,https://ifsc.results.info/#/athlete/11595,Women,-,2019,25,19,UKR
José Alejandro SAUCEDA RODRÍGUEZ,https://ifsc.results.info/#/athlete/13636,Men,-,2022,6,26,MEX
Timotej ROMŠAK,https://ifsc.results.info/#/athlete/1187,Men,180,2018,54,19,SLO
Gorazd JUREKOVIC,https://ifsc.results.info/#/athlete/12387,Men,-,2020,36,17,SLO
Isabella DOMANESCHI,https://ifsc.results.info/#/athlete/14918,Women,-,2023,2,18,NZL
Rebecca HOUNSELL,https://ifsc.results.info/#/athlete/14895,Women,-,2023,2,17,NZL
Jennifer Eucharia BUCKLEY,https://ifsc.results.info/#/athlete/12653,Women,-,2021,25,16,SLO
Rosa REKAR,https://ifsc.results.info/#/athlete/13329,Women,-,2022,16,18,SLO
Zala MLAKAR STARIC,https://ifsc.results.info/#/athlete/8092,Women,-,2006,32,17,SLO
Milica MARJANOVIC,https://ifsc.results.info/#/athlete/11557,Women,-,2019,14,18,SRB
Kerry SCOTT,https://ifsc.results.info/#/athlete/1734,Women,-,2012,5,27,USA
Junzhe HU,https://ifsc.results.info/#/athlete/14975,Men,-,2023,7,16,CHN
Jinwei YAO,https://ifsc.results.info/#/athlete/13626,Men,-,2023,6,16,CHN
Nima SANGZHU,https://ifsc.results.info/#/athlete/3008,Men,-,2017,4,23,CHN
Yongchen CHEN,https://ifsc.results.info/#/athlete/11382,Men,-,2018,14,21,CHN
Guoqing NI,https://ifsc.results.info/#/athlete/11391,Men,-,2018,8,19,CHN
Bharath PEREIRA,https://ifsc.results.info/#/athlete/2633,Men,-,2015,20,23,IND
Aman VARMA,https://ifsc.results.info/#/athlete/11856,Men,-,2019,17,19,IND
Hyunbin MIN,https://ifsc.results.info/#/athlete/2039,Men,162,2004,82,34,KOR
Zaheer AHMAD,https://ifsc.results.info/#/athlete/4336,Men,175,2016,8,31,PAK
Fazal WADOOD,https://ifsc.results.info/#/athlete/4340,Men,165,2016,6,22,PAK
Chih-en FAN,https://ifsc.results.info/#/athlete/13895,Men,-,2022,8,16,TPE
Yu LIN,https://ifsc.results.info/#/athlete/10798,Men,-,2012,3,25,CHN
Jingjie HUANG,https://ifsc.results.info/#/athlete/13600,Men,-,2022,2,23,CHN
Dingfeng ZHANG,https://ifsc.results.info/#/athlete/13604,Men,-,2023,1,22,CHN
Yingyi WU,https://ifsc.results.info/#/athlete/15136,Men,-,2023,1,22,CHN
Ganesh BHUJEL,https://ifsc.results.info/#/athlete/11619,Men,-,2019,4,30,IND
Dhiraj Dinkar BIRAJDAR,https://ifsc.results.info/#/athlete/14114,Men,-,2022,2,27,IND
Mir Abu Zar FAIZ,https://ifsc.results.info/#/athlete/15141,Men,181,2023,4,19,PAK
Zihan HUANG,https://ifsc.results.info/#/athlete/11355,Women,-,2018,13,22,CHN
Yixin LIU,https://ifsc.results.info/#/athlete/15135,Women,-,2023,4,18,CHN
Chunhua WU,https://ifsc.results.info/#/athlete/15134,Women,-,2023,4,17,CHN
Emma BERNHARD,https://ifsc.results.info/#/athlete/3425,Women,-,2018,13,20,GER
Nur Diatul JANNAH,https://ifsc.results.info/#/athlete/13732,Women,-,2022,4,19,INA
Anisha VERMA,https://ifsc.results.info/#/athlete/11373,Women,-,2018,18,19,IND
Saniya Farooque SHAIKH,https://ifsc.results.info/#/athlete/11811,Women,-,2019,10,18,IND
Feiyan YANG,https://ifsc.results.info/#/athlete/14972,Women,-,2023,2,16,CHN
Mengli ZHANG,https://ifsc.results.info/#/athlete/15133,Women,-,-,0,20,CHN
Yufang XIE,https://ifsc.results.info/#/athlete/2995,Women,-,2016,7,21,CHN
Guizhen XIE,https://ifsc.results.info/#/athlete/7165,Women,-,2018,8,25,CHN
Julia KOCH,https://ifsc.results.info/#/athlete/12853,Women,-,2021,13,23,GER
Kaitlyn BONE,https://ifsc.results.info/#/athlete/14064,Women,-,2022,2,18,USA
